{"cameraMode":{"drawMode":0,"name":"Shaded","section":"Shading Mode"},"sceneLighting":false,"audioPlay":false,"sceneViewState":{"m_AlwaysRefresh":false,"showFog":false,"showSkybox":false,"showFlares":false,"showImageEffects":true,"showParticleSystems":true,"showVisualEffectGraphs":true,"m_FxEnabled":true},"in2DMode":false,"pivot":{"x":-2.7666337490081789,"y":3.962705135345459,"z":0.03303609788417816},"rotation":{"x":0.061160892248153689,"y":0.005988818593323231,"z":-0.000367049768101424,"w":0.9981122612953186},"size":0.8660253882408142,"orthographic":false}