{"cameraMode":{"drawMode":0,"name":"Shaded","section":"Shading Mode"},"sceneLighting":false,"audioPlay":false,"sceneViewState":{"m_AlwaysRefresh":false,"showFog":false,"showSkybox":false,"showFlares":false,"showImageEffects":true,"showParticleSystems":true,"showVisualEffectGraphs":true,"m_FxEnabled":true},"in2DMode":false,"pivot":{"x":-0.027488157153129579,"y":0.04987974464893341,"z":-0.9066891670227051},"rotation":{"x":-0.003599683754146099,"y":0.01679163984954357,"z":-0.00008302438072860241,"w":-0.9998697638511658},"size":2.5808770656585695,"orthographic":true}