{"cameraMode":{"drawMode":0,"name":"Shaded","section":"Shading Mode"},"sceneLighting":false,"audioPlay":false,"sceneViewState":{"m_AlwaysRefresh":false,"showFog":false,"showSkybox":false,"showFlares":false,"showImageEffects":true,"showParticleSystems":true,"showVisualEffectGraphs":true,"m_FxEnabled":true},"in2DMode":false,"pivot":{"x":2.0251712799072267,"y":-9.585064888000489,"z":-49.68901443481445},"rotation":{"x":-0.000036041386920260265,"y":1.0000908374786378,"z":-0.00959758646786213,"w":-0.003672639839351177},"size":30.526779174804689,"orthographic":false}